Country,date,millions,USA,China,Russia
Afghanistan,2018,198.1,648798.3,249996.9,61387.5
Afghanistan,2017,191.4,605802.9,227829.4,66527.3
Afghanistan,2016,185.9,600106.4,216031.3,69245.3
Afghanistan,2015,199.5,596104.6,214093.1,66418.7
Afghanistan,2014,,596104.6,214093.1,66418.7
Afghanistan,2013,268.2,609914.0,200772.2,84696.5
Albania,2018,180.5,648798.3,249996.9,61387.5
Albania,2017,144.4,605802.9,227829.4,66527.3
Albania,2016,130.9,600106.4,216031.3,69245.3
Albania,2015,132.4,596104.6,214093.1,66418.7
Albania,2014,178.1,609914.0,200772.2,84696.5
Algeria,2018,9583.7,648798.3,249996.9,61387.5
Algeria,2017,10073.4,605802.9,227829.4,66527.3
Algeria,2016,10217.1,600106.4,216031.3,69245.3
Algeria,2015,10412.7,596104.6,214093.1,66418.7
Algeria,2014,9724.4,609914.0,200772.2,84696.5
Angola,2018,1983.6,648798.3,249996.9,61387.5
Angola,2017,3062.9,605802.9,227829.4,66527.3
Angola,2016,2764.1,600106.4,216031.3,69245.3
Angola,2015,3608.3,596104.6,214093.1,66418.7
Angola,2014,6841.9,609914.0,200772.2,84696.5
Argentina,2018,4145.0,648798.3,249996.9,61387.5
Argentina,2017,5459.6,605802.9,227829.4,66527.3
Argentina,2016,4509.6,600106.4,216031.3,69245.3
Argentina,2015,5482.6,596104.6,214093.1,66418.7
Argentina,2014,4979.4,609914.0,200772.2,84696.5
Armenia,2018,608.9,648798.3,249996.9,61387.5
Armenia,2017,443.6,605802.9,227829.4,66527.3
Armenia,2016,431.4,600106.4,216031.3,69245.3
Armenia,2015,447.4,596104.6,214093.1,66418.7
Armenia,2014,457.8,609914.0,200772.2,84696.5
Australia,2018,26711.8,648798.3,249996.9,61387.5
Australia,2017,27691.1,605802.9,227829.4,66527.3
Australia,2016,26382.9,600106.4,216031.3,69245.3
Australia,2015,24045.6,596104.6,214093.1,66418.7
Australia,2014,25783.7,609914.0,200772.2,84696.5
Austria,2018,3367.5,648798.3,249996.9,61387.5
Austria,2017,3138.4,605802.9,227829.4,66527.3
Austria,2016,2885.9,600106.4,216031.3,69245.3
Austria,2015,2665.4,596104.6,214093.1,66418.7
Austria,2014,3305.2,609914.0,200772.2,84696.5
Azerbaijan,2018,1708.9,648798.3,249996.9,61387.5
Azerbaijan,2017,1528.9,605802.9,227829.4,66527.3
Azerbaijan,2016,1397.0,600106.4,216031.3,69245.3
Azerbaijan,2015,2943.4,596104.6,214093.1,66418.7
Azerbaijan,2014,3427.2,609914.0,200772.2,84696.5
Bahrain,2018,1396.8,648798.3,249996.9,61387.5
Bahrain,2017,1532.7,605802.9,227829.4,66527.3
Bahrain,2016,1505.5,600106.4,216031.3,69245.3
Bahrain,2015,1442.0,596104.6,214093.1,66418.7
Bahrain,2014,1475.3,609914.0,200772.2,84696.5
Bangladesh,2018,3894.7,648798.3,249996.9,61387.5
Bangladesh,2017,3594.0,605802.9,227829.4,66527.3
Bangladesh,2016,3239.7,600106.4,216031.3,69245.3
Bangladesh,2015,2815.3,596104.6,214093.1,66418.7
Bangladesh,2014,2356.0,609914.0,200772.2,84696.5
Belarus,2018,715.2,648798.3,249996.9,61387.5
Belarus,2017,631.1,605802.9,227829.4,66527.3
Belarus,2016,597.2,600106.4,216031.3,69245.3
Belarus,2015,723.7,596104.6,214093.1,66418.7
Belarus,2014,1010.8,609914.0,200772.2,84696.5
Belgium,2018,4959.7,648798.3,249996.9,61387.5
Belgium,2017,4484.7,605802.9,227829.4,66527.3
Belgium,2016,4314.1,600106.4,216031.3,69245.3
Belgium,2015,4202.1,596104.6,214093.1,66418.7
Belgium,2014,5191.5,609914.0,200772.2,84696.5
Belize,2018,23.1,648798.3,249996.9,61387.5
Belize,2017,23.5,605802.9,227829.4,66527.3
Belize,2016,21.7,600106.4,216031.3,69245.3
Belize,2015,19.7,596104.6,214093.1,66418.7
Belize,2014,19.9,609914.0,200772.2,84696.5
Benin,2018,90.2,648798.3,249996.9,61387.5
Benin,2017,116.1,605802.9,227829.4,66527.3
Benin,2016,79.6,600106.4,216031.3,69245.3
Benin,2015,90.9,596104.6,214093.1,66418.7
Benin,2014,93.0,609914.0,200772.2,84696.5
Bolivia,2018,618.8,648798.3,249996.9,61387.5
Bolivia,2017,574.1,605802.9,227829.4,66527.3
Bolivia,2016,552.4,600106.4,216031.3,69245.3
Bolivia,2015,575.5,596104.6,214093.1,66418.7
Bolivia,2014,625.9,609914.0,200772.2,84696.5
Bosnia-Herzegovina,2018,221.1,648798.3,249996.9,61387.5
Bosnia-Herzegovina,2017,164.6,605802.9,227829.4,66527.3
Bosnia-Herzegovina,2016,157.9,600106.4,216031.3,69245.3
Bosnia-Herzegovina,2015,162.2,596104.6,214093.1,66418.7
Bosnia-Herzegovina,2014,190.4,609914.0,200772.2,84696.5
Botswana,2018,529.5,648798.3,249996.9,61387.5
Botswana,2017,522.4,605802.9,227829.4,66527.3
Botswana,2016,514.5,600106.4,216031.3,69245.3
Botswana,2015,383.7,596104.6,214093.1,66418.7
Botswana,2014,346.3,609914.0,200772.2,84696.5
Brazil,2018,27766.4,648798.3,249996.9,61387.5
Brazil,2017,29283.1,605802.9,227829.4,66527.3
Brazil,2016,24224.7,600106.4,216031.3,69245.3
Brazil,2015,24617.7,596104.6,214093.1,66418.7
Brazil,2014,32659.6,609914.0,200772.2,84696.5
Brunei,2018,346.6,648798.3,249996.9,61387.5
Brunei,2017,346.7,605802.9,227829.4,66527.3
Brunei,2016,403.4,600106.4,216031.3,69245.3
Brunei,2015,424.0,596104.6,214093.1,66418.7
Brunei,2014,527.8,609914.0,200772.2,84696.5
Bulgaria,2018,1095.6,648798.3,249996.9,61387.5
Bulgaria,2017,824.2,605802.9,227829.4,66527.3
Bulgaria,2016,755.4,600106.4,216031.3,69245.3
Bulgaria,2015,660.8,596104.6,214093.1,66418.7
Bulgaria,2014,835.7,609914.0,200772.2,84696.5
Burkina Faso,2018,312.5,648798.3,249996.9,61387.5
Burkina Faso,2017,191.1,605802.9,227829.4,66527.3
Burkina Faso,2016,149.5,600106.4,216031.3,69245.3
Burkina Faso,2015,147.9,596104.6,214093.1,66418.7
Burkina Faso,2014,177.2,609914.0,200772.2,84696.5
Burundi,2018,65.4,648798.3,249996.9,61387.5
Burundi,2017,63.9,605802.9,227829.4,66527.3
Burundi,2016,66.5,600106.4,216031.3,69245.3
Burundi,2015,66.2,596104.6,214093.1,66418.7
Burundi,2014,62.2,609914.0,200772.2,84696.5
Cambodia,2018,543.2,648798.3,249996.9,61387.5
Cambodia,2017,463.8,605802.9,227829.4,66527.3
Cambodia,2016,382.1,600106.4,216031.3,69245.3
Cambodia,2015,325.2,596104.6,214093.1,66418.7
Cambodia,2014,278.0,609914.0,200772.2,84696.5
Cameroon,2018,429.9,648798.3,249996.9,61387.5
Cameroon,2017,408.2,605802.9,227829.4,66527.3
Cameroon,2016,387.4,600106.4,216031.3,69245.3
Cameroon,2015,353.8,596104.6,214093.1,66418.7
Cameroon,2014,401.5,609914.0,200772.2,84696.5
Canada,2018,21620.6,648798.3,249996.9,61387.5
Canada,2017,21343.4,605802.9,227829.4,66527.3
Canada,2016,17782.8,600106.4,216031.3,69245.3
Canada,2015,17937.6,596104.6,214093.1,66418.7
Canada,2014,17853.7,609914.0,200772.2,84696.5
Cape Verde,2018,10.7,648798.3,249996.9,61387.5
Cape Verde,2017,9.4,605802.9,227829.4,66527.3
Cape Verde,2016,10.2,600106.4,216031.3,69245.3
Cape Verde,2015,8.9,596104.6,214093.1,66418.7
Cape Verde,2014,10.0,609914.0,200772.2,84696.5
Central African Rep.,2018,31.0,648798.3,249996.9,61387.5
Central African Rep.,2017,27.5,605802.9,227829.4,66527.3
Central African Rep.,2016,26.8,600106.4,216031.3,69245.3
Central African Rep.,2015,26.7,596104.6,214093.1,66418.7
Central African Rep.,2014,38.4,609914.0,200772.2,84696.5
Chad,2018,232.9,648798.3,249996.9,61387.5
Chad,2017,219.1,605802.9,227829.4,66527.3
Chad,2016,309.6,600106.4,216031.3,69245.3
Chad,2015,221.0,596104.6,214093.1,66418.7
Chad,2014,392.4,609914.0,200772.2,84696.5
Chile,2018,5570.7,648798.3,249996.9,61387.5
Chile,2017,5370.0,605802.9,227829.4,66527.3
Chile,2016,4796.0,600106.4,216031.3,69245.3
Chile,2015,4630.8,596104.6,214093.1,66418.7
Chile,2014,5102.8,609914.0,200772.2,84696.5
China,2018,249996.9,648798.3,249996.9,61387.5
China,2017,227829.4,605802.9,227829.4,66527.3
China,2016,216031.3,600106.4,216031.3,69245.3
China,2015,214093.1,596104.6,214093.1,66418.7
China,2014,200772.2,609914.0,200772.2,84696.5
Colombia,2018,10602.9,648798.3,249996.9,61387.5
Colombia,2017,10018.0,605802.9,227829.4,66527.3
Colombia,2016,8676.0,600106.4,216031.3,69245.3
Colombia,2015,9127.2,596104.6,214093.1,66418.7
Colombia,2014,11846.0,609914.0,200772.2,84696.5
"Congo, Dem. Rep.",2018,295.3,648798.3,249996.9,61387.5
"Congo, Dem. Rep.",2017,295.2,605802.9,227829.4,66527.3
"Congo, Dem. Rep.",2016,395.7,600106.4,216031.3,69245.3
"Congo, Dem. Rep.",2015,491.3,596104.6,214093.1,66418.7
"Congo, Dem. Rep.",2014,341.2,609914.0,200772.2,84696.5
"Congo, Republic of ",2018,292.3,648798.3,249996.9,61387.5
"Congo, Republic of ",2017,371.9,605802.9,227829.4,66527.3
"Congo, Republic of ",2016,501.8,600106.4,216031.3,69245.3
"Congo, Republic of ",2015,,609914.0,200772.2,84696.5
"Congo, Republic of ",2014,704.9,609914.0,200772.2,84696.5
"Congo, Republic of ",2013,367.1,639704.0,179880.5,88352.9
Costa Rica,2018,0.0,648798.3,249996.9,61387.5
Costa Rica,2017,0.0,605802.9,227829.4,66527.3
Costa Rica,2016,0.0,600106.4,216031.3,69245.3
Costa Rica,2015,0.0,596104.6,214093.1,66418.7
Costa Rica,2014,0.0,609914.0,200772.2,84696.5
Côte d’Ivoire,2018,607.8,648798.3,249996.9,61387.5
Côte d’Ivoire,2017,501.6,605802.9,227829.4,66527.3
Côte d’Ivoire,2016,602.5,600106.4,216031.3,69245.3
Côte d’Ivoire,2015,569.7,596104.6,214093.1,66418.7
Côte d’Ivoire,2014,521.3,609914.0,200772.2,84696.5
Croatia,2018,889.5,648798.3,249996.9,61387.5
Croatia,2017,784.3,605802.9,227829.4,66527.3
Croatia,2016,702.0,600106.4,216031.3,69245.3
Croatia,2015,753.5,596104.6,214093.1,66418.7
Croatia,2014,906.6,609914.0,200772.2,84696.5
Cuba,2017,122.6,605802.9,227829.4,66527.3
Cuba,2016,123.7,600106.4,216031.3,69245.3
Cuba,2015,118.4,596104.6,214093.1,66418.7
Cuba,2014,125.6,609914.0,200772.2,84696.5
Cuba,2013,119.4,639704.0,179880.5,88352.9
Cyprus,2018,381.9,648798.3,249996.9,61387.5
Cyprus,2017,357.4,605802.9,227829.4,66527.3
Cyprus,2016,295.4,600106.4,216031.3,69245.3
Cyprus,2015,327.9,596104.6,214093.1,66418.7
Cyprus,2014,357.8,609914.0,200772.2,84696.5
Czechia,2018,2710.0,648798.3,249996.9,61387.5
Czechia,2017,2077.7,605802.9,227829.4,66527.3
Czechia,2016,1954.9,600106.4,216031.3,69245.3
Czechia,2015,1779.9,596104.6,214093.1,66418.7
Czechia,2014,2022.9,609914.0,200772.2,84696.5
Denmark,2018,4228.2,648798.3,249996.9,61387.5
Denmark,2017,3764.0,605802.9,227829.4,66527.3
Denmark,2016,3592.7,600106.4,216031.3,69245.3
Denmark,2015,3364.0,596104.6,214093.1,66418.7
Denmark,2014,4056.9,609914.0,200772.2,84696.5
Djibouti,2008,36.3,621131.0,86362.1,56183.8
Djibouti,2007,34.5,556961.0,68011.6,43535.0
Djibouti,2006,49.5,527660.0,55337.5,34517.8
Djibouti,2005,44.8,503353.0,45918.9,27337.0
Djibouti,2004,37.4,464676.0,40352.7,20955.4
Dominican Rep.,2018,602.5,648798.3,249996.9,61387.5
Dominican Rep.,2017,533.1,605802.9,227829.4,66527.3
Dominican Rep.,2016,479.7,600106.4,216031.3,69245.3
Dominican Rep.,2015,458.0,596104.6,214093.1,66418.7
Dominican Rep.,2014,437.6,609914.0,200772.2,84696.5
Ecuador,2018,2549.4,648798.3,249996.9,61387.5
Ecuador,2017,2462.7,605802.9,227829.4,66527.3
Ecuador,2016,2513.2,600106.4,216031.3,69245.3
Ecuador,2015,2597.5,596104.6,214093.1,66418.7
Ecuador,2014,2786.5,609914.0,200772.2,84696.5
Egypt,2018,3110.0,648798.3,249996.9,61387.5
Egypt,2017,2765.6,605802.9,227829.4,66527.3
Egypt,2016,4513.0,600106.4,216031.3,69245.3
Egypt,2015,5475.5,596104.6,214093.1,66418.7
Egypt,2014,5085.1,609914.0,200772.2,84696.5
El Salvador,2018,266.5,648798.3,249996.9,61387.5
El Salvador,2017,260.9,605802.9,227829.4,66527.3
El Salvador,2016,247.6,600106.4,216031.3,69245.3
El Salvador,2015,247.7,596104.6,214093.1,66418.7
El Salvador,2014,233.9,609914.0,200772.2,84696.5
Equatorial Guinea,2016,18.2,600106.4,216031.3,69245.3
Equatorial Guinea,2014,166.5,609914.0,200772.2,84696.5
Equatorial Guinea,2013,,639704.0,179880.5,88352.9
Equatorial Guinea,2009,371.9,668567.0,105644.2,51532.1
Equatorial Guinea,2008,292.8,621131.0,86362.1,56183.8
Equatorial Guinea,2007,196.3,556961.0,68011.6,43535.0
Eritrea,2003,181.6,415223.0,35126.3,16973.7
Eritrea,2002,150.8,356720.0,32137.7,13943.8
Eritrea,2001,166.6,312743.0,27875.4,11683.2
Eritrea,2000,230.7,301697.0,22929.8,9228.2
Eritrea,1999,272.9,280969.0,21027.3,6469.0
Estonia,2018,618.5,648798.3,249996.9,61387.5
Estonia,2017,537.4,605802.9,227829.4,66527.3
Estonia,2016,497.7,600106.4,216031.3,69245.3
Estonia,2015,463.6,596104.6,214093.1,66418.7
Estonia,2014,512.1,609914.0,200772.2,84696.5
eSwatini,2018,87.8,648798.3,249996.9,61387.5
eSwatini,2017,88.7,605802.9,227829.4,66527.3
eSwatini,2016,72.4,600106.4,216031.3,69245.3
eSwatini,2015,73.5,596104.6,214093.1,66418.7
eSwatini,2014,81.4,609914.0,200772.2,84696.5
Ethiopia,2018,496.6,648798.3,249996.9,61387.5
Ethiopia,2017,503.2,605802.9,227829.4,66527.3
Ethiopia,2016,490.2,600106.4,216031.3,69245.3
Ethiopia,2015,442.6,596104.6,214093.1,66418.7
Ethiopia,2014,414.5,609914.0,200772.2,84696.5
Fiji,2018,48.4,648798.3,249996.9,61387.5
Fiji,2017,45.7,605802.9,227829.4,66527.3
Fiji,2016,42.6,600106.4,216031.3,69245.3
Fiji,2015,42.4,596104.6,214093.1,66418.7
Fiji,2014,46.1,609914.0,200772.2,84696.5
Finland,2018,3849.0,648798.3,249996.9,61387.5
Finland,2017,3430.0,605802.9,227829.4,66527.3
Finland,2016,3415.0,600106.4,216031.3,69245.3
Finland,2015,3399.1,596104.6,214093.1,66418.7
Finland,2014,3985.5,609914.0,200772.2,84696.5
France,2018,63799.7,648798.3,249996.9,61387.5
France,2017,60417.5,605802.9,227829.4,66527.3
France,2016,57358.4,600106.4,216031.3,69245.3
France,2015,55342.1,596104.6,214093.1,66418.7
France,2014,63613.6,609914.0,200772.2,84696.5
Gabon,2018,261.2,648798.3,249996.9,61387.5
Gabon,2017,267.4,605802.9,227829.4,66527.3
Gabon,2016,202.8,600106.4,216031.3,69245.3
Gabon,2015,170.4,596104.6,214093.1,66418.7
Gabon,2014,208.1,609914.0,200772.2,84696.5
Gambia,2018,11.5,648798.3,249996.9,61387.5
Gambia,2015,14.3,596104.6,214093.1,66418.7
Gambia,2014,14.6,609914.0,200772.2,84696.5
Gambia,2013,10.4,639704.0,179880.5,88352.9
Gambia,2012,11.2,684780.0,157390.4,81469.4
Georgia,2018,316.5,648798.3,249996.9,61387.5
Georgia,2017,308.2,605802.9,227829.4,66527.3
Georgia,2016,315.2,600106.4,216031.3,69245.3
Georgia,2015,299.5,596104.6,214093.1,66418.7
Georgia,2014,415.6,609914.0,200772.2,84696.5
Germany,2018,49470.6,648798.3,249996.9,61387.5
Germany,2017,45381.7,605802.9,227829.4,66527.3
Germany,2016,41579.5,600106.4,216031.3,69245.3
Germany,2015,39812.6,596104.6,214093.1,66418.7
Germany,2014,46102.7,609914.0,200772.2,84696.5
Ghana,2018,218.4,648798.3,249996.9,61387.5
Ghana,2017,189.1,605802.9,227829.4,66527.3
Ghana,2016,161.8,600106.4,216031.3,69245.3
Ghana,2015,190.5,596104.6,214093.1,66418.7
Ghana,2014,252.7,609914.0,200772.2,84696.5
Greece,2018,5227.2,648798.3,249996.9,61387.5
Greece,2017,5093.8,605802.9,227829.4,66527.3
Greece,2016,4963.5,600106.4,216031.3,69245.3
Greece,2015,4818.1,596104.6,214093.1,66418.7
Greece,2014,5531.3,609914.0,200772.2,84696.5
Guatemala,2018,278.4,648798.3,249996.9,61387.5
Guatemala,2017,275.0,605802.9,227829.4,66527.3
Guatemala,2016,290.9,600106.4,216031.3,69245.3
Guatemala,2015,252.5,596104.6,214093.1,66418.7
Guatemala,2014,245.7,609914.0,200772.2,84696.5
Guinea,2018,209.2,648798.3,249996.9,61387.5
Guinea,2017,199.3,605802.9,227829.4,66527.3
Guinea,2016,161.9,600106.4,216031.3,69245.3
Guinea,2015,221.4,596104.6,214093.1,66418.7
Guinea,2014,196.9,609914.0,200772.2,84696.5
Guinea-Bissau,2015,17.0,596104.6,214093.1,66418.7
Guinea-Bissau,2014,21.5,609914.0,200772.2,84696.5
Guinea-Bissau,2013,21.7,639704.0,179880.5,88352.9
Guinea-Bissau,2012,24.5,684780.0,157390.4,81469.4
Guinea-Bissau,2011,17.5,711338.0,137967.3,70237.5
Guyana,2018,59.8,648798.3,249996.9,61387.5
Guyana,2017,59.7,605802.9,227829.4,66527.3
Guyana,2016,51.6,600106.4,216031.3,69245.3
Guyana,2015,46.4,596104.6,214093.1,66418.7
Guyana,2014,39.3,609914.0,200772.2,84696.5
Haiti,2018,0.1,648798.3,249996.9,61387.5
Haiti,2017,0.1,605802.9,227829.4,66527.3
Haiti,2016,0.1,600106.4,216031.3,69245.3
Haiti,2015,0.1,596104.6,214093.1,66418.7
Haiti,2014,0.1,609914.0,200772.2,84696.5
Honduras,2018,410.4,648798.3,249996.9,61387.5
Honduras,2017,398.5,605802.9,227829.4,66527.3
Honduras,2016,363.3,600106.4,216031.3,69245.3
Honduras,2015,356.3,596104.6,214093.1,66418.7
Honduras,2014,314.1,609914.0,200772.2,84696.5
Hungary,2018,1642.3,648798.3,249996.9,61387.5
Hungary,2017,1463.0,605802.9,227829.4,66527.3
Hungary,2016,1288.7,600106.4,216031.3,69245.3
Hungary,2015,1132.5,596104.6,214093.1,66418.7
Hungary,2014,1209.8,609914.0,200772.2,84696.5
Iceland,2018,0.0,648798.3,249996.9,61387.5
Iceland,2017,0.0,605802.9,227829.4,66527.3
Iceland,2016,0.0,600106.4,216031.3,69245.3
Iceland,2015,0.0,596104.6,214093.1,66418.7
Iceland,2014,0.0,609914.0,200772.2,84696.5
India,2018,66510.3,648798.3,249996.9,61387.5
India,2017,64559.4,605802.9,227829.4,66527.3
India,2016,56637.6,600106.4,216031.3,69245.3
India,2015,51295.5,596104.6,214093.1,66418.7
India,2014,50914.1,609914.0,200772.2,84696.5
Indonesia,2018,7437.2,648798.3,249996.9,61387.5
Indonesia,2017,8178.1,605802.9,227829.4,66527.3
Indonesia,2016,7385.4,600106.4,216031.3,69245.3
Indonesia,2015,7639.1,596104.6,214093.1,66418.7
Indonesia,2014,6929.3,609914.0,200772.2,84696.5
Iran,2018,13194.2,648798.3,249996.9,61387.5
Iran,2017,13931.2,605802.9,227829.4,66527.3
Iran,2016,12264.0,600106.4,216031.3,69245.3
Iran,2015,10588.8,596104.6,214093.1,66418.7
Iran,2014,9901.1,609914.0,200772.2,84696.5
Iraq,2018,6318.0,648798.3,249996.9,61387.5
Iraq,2017,7416.4,605802.9,227829.4,66527.3
Iraq,2016,5970.4,600106.4,216031.3,69245.3
Iraq,2015,9604.2,596104.6,214093.1,66418.7
Iraq,2014,6921.3,609914.0,200772.2,84696.5
Ireland,2018,1207.6,648798.3,249996.9,61387.5
Ireland,2017,1025.1,605802.9,227829.4,66527.3
Ireland,2016,1001.6,600106.4,216031.3,69245.3
Ireland,2015,997.0,596104.6,214093.1,66418.7
Ireland,2014,1192.7,609914.0,200772.2,84696.5
Israel,2018,15946.8,648798.3,249996.9,61387.5
Israel,2017,15581.6,605802.9,227829.4,66527.3
Israel,2016,14783.8,600106.4,216031.3,69245.3
Israel,2015,16969.4,596104.6,214093.1,66418.7
Israel,2014,18485.8,609914.0,200772.2,84696.5
Italy,2018,27807.5,648798.3,249996.9,61387.5
Italy,2017,26447.9,605802.9,227829.4,66527.3
Italy,2016,25033.0,600106.4,216031.3,69245.3
Italy,2015,22180.8,596104.6,214093.1,66418.7
Italy,2014,27701.0,609914.0,200772.2,84696.5
Jamaica,2018,207.8,648798.3,249996.9,61387.5
Jamaica,2017,143.5,605802.9,227829.4,66527.3
Jamaica,2016,137.6,600106.4,216031.3,69245.3
Jamaica,2015,123.9,596104.6,214093.1,66418.7
Jamaica,2014,121.3,609914.0,200772.2,84696.5
Japan,2018,46618.0,648798.3,249996.9,61387.5
Japan,2017,45387.0,605802.9,227829.4,66527.3
Japan,2016,46471.3,600106.4,216031.3,69245.3
Japan,2015,42106.1,596104.6,214093.1,66418.7
Japan,2014,46881.2,609914.0,200772.2,84696.5
Jordan,2018,1957.7,648798.3,249996.9,61387.5
Jordan,2017,1939.7,605802.9,227829.4,66527.3
Jordan,2016,1768.3,600106.4,216031.3,69245.3
Jordan,2015,1614.9,596104.6,214093.1,66418.7
Jordan,2014,1548.9,609914.0,200772.2,84696.5
Kazakhstan,2018,1613.6,648798.3,249996.9,61387.5
Kazakhstan,2017,1390.6,605802.9,227829.4,66527.3
Kazakhstan,2016,1281.1,600106.4,216031.3,69245.3
Kazakhstan,2015,2046.2,596104.6,214093.1,66418.7
Kazakhstan,2014,2306.5,609914.0,200772.2,84696.5
Kenya,2018,1097.5,648798.3,249996.9,61387.5
Kenya,2017,1015.4,605802.9,227829.4,66527.3
Kenya,2016,933.1,600106.4,216031.3,69245.3
Kenya,2015,843.7,596104.6,214093.1,66418.7
Kenya,2014,819.0,609914.0,200772.2,84696.5
"Korea, South",2018,43070.0,648798.3,249996.9,61387.5
"Korea, South",2017,39170.7,605802.9,227829.4,66527.3
"Korea, South",2016,36885.3,600106.4,216031.3,69245.3
"Korea, South",2015,36570.8,596104.6,214093.1,66418.7
"Korea, South",2014,37552.3,609914.0,200772.2,84696.5
Kosovo,2018,63.3,648798.3,249996.9,61387.5
Kosovo,2017,57.3,605802.9,227829.4,66527.3
Kosovo,2016,51.9,600106.4,216031.3,69245.3
Kosovo,2015,50.0,596104.6,214093.1,66418.7
Kosovo,2014,53.6,609914.0,200772.2,84696.5
Kuwait,2018,7296.3,648798.3,249996.9,61387.5
Kuwait,2017,6764.6,605802.9,227829.4,66527.3
Kuwait,2016,6446.7,600106.4,216031.3,69245.3
Kuwait,2015,5735.1,596104.6,214093.1,66418.7
Kuwait,2014,5832.2,609914.0,200772.2,84696.5
Kyrgyzstan,2018,121.2,648798.3,249996.9,61387.5
Kyrgyzstan,2017,121.5,605802.9,227829.4,66527.3
Kyrgyzstan,2016,115.6,600106.4,216031.3,69245.3
Kyrgyzstan,2015,117.0,596104.6,214093.1,66418.7
Kyrgyzstan,2014,128.0,609914.0,200772.2,84696.5
Laos,2013,22.7,639704.0,179880.5,88352.9
Laos,2012,20.3,684780.0,157390.4,81469.4
Laos,2011,19.0,711338.0,137967.3,70237.5
Laos,2010,15.4,698180.0,115711.8,58720.2
Laos,2009,14.0,668567.0,105644.2,51532.1
Latvia,2018,679.9,648798.3,249996.9,61387.5
Latvia,2017,509.4,605802.9,227829.4,66527.3
Latvia,2016,406.9,600106.4,216031.3,69245.3
Latvia,2015,282.7,596104.6,214093.1,66418.7
Latvia,2014,295.7,609914.0,200772.2,84696.5
Lebanon,2018,2775.6,648798.3,249996.9,61387.5
Lebanon,2017,2441.1,605802.9,227829.4,66527.3
Lebanon,2016,2606.5,600106.4,216031.3,69245.3
Lebanon,2015,2239.4,596104.6,214093.1,66418.7
Lebanon,2014,2270.1,609914.0,200772.2,84696.5
Lesotho,2018,51.1,648798.3,249996.9,61387.5
Lesotho,2017,52.6,605802.9,227829.4,66527.3
Lesotho,2016,41.5,600106.4,216031.3,69245.3
Lesotho,2015,44.0,596104.6,214093.1,66418.7
Lesotho,2014,47.7,609914.0,200772.2,84696.5
Liberia,2018,15.8,648798.3,249996.9,61387.5
Liberia,2017,15.3,605802.9,227829.4,66527.3
Liberia,2016,14.7,600106.4,216031.3,69245.3
Liberia,2015,14.8,596104.6,214093.1,66418.7
Liberia,2014,14.5,609914.0,200772.2,84696.5
Libya,2014,3755.7,609914.0,200772.2,84696.5
Libya,2013,3964.7,639704.0,179880.5,88352.9
Libya,2012,2987.4,684780.0,157390.4,81469.4
Libya,2008,1100.1,621131.0,86362.1,56183.8
Libya,2007,639.1,556961.0,68011.6,43535.0
Lithuania,2018,1030.4,648798.3,249996.9,61387.5
Lithuania,2017,812.1,605802.9,227829.4,66527.3
Lithuania,2016,635.4,600106.4,216031.3,69245.3
Lithuania,2015,471.2,596104.6,214093.1,66418.7
Lithuania,2014,426.9,609914.0,200772.2,84696.5
Luxembourg,2018,419.4,648798.3,249996.9,61387.5
Luxembourg,2017,357.7,605802.9,227829.4,66527.3
Luxembourg,2016,260.7,600106.4,216031.3,69245.3
Luxembourg,2015,276.1,596104.6,214093.1,66418.7
Luxembourg,2014,279.0,609914.0,200772.2,84696.5
Madagascar,2018,73.3,648798.3,249996.9,61387.5
Madagascar,2017,66.9,605802.9,227829.4,66527.3
Madagascar,2016,59.4,600106.4,216031.3,69245.3
Madagascar,2015,58.9,596104.6,214093.1,66418.7
Madagascar,2014,69.7,609914.0,200772.2,84696.5
Malawi,2018,58.4,648798.3,249996.9,61387.5
Malawi,2017,47.4,605802.9,227829.4,66527.3
Malawi,2016,35.7,600106.4,216031.3,69245.3
Malawi,2015,40.8,596104.6,214093.1,66418.7
Malawi,2014,49.5,609914.0,200772.2,84696.5
Malaysia,2018,3469.8,648798.3,249996.9,61387.5
Malaysia,2017,3494.8,605802.9,227829.4,66527.3
Malaysia,2016,4169.4,600106.4,216031.3,69245.3
Malaysia,2015,4532.1,596104.6,214093.1,66418.7
Malaysia,2014,4919.2,609914.0,200772.2,84696.5
Mali,2018,495.2,648798.3,249996.9,61387.5
Mali,2017,458.7,605802.9,227829.4,66527.3
Mali,2016,362.4,600106.4,216031.3,69245.3
Mali,2015,309.2,596104.6,214093.1,66418.7
Mali,2014,218.1,609914.0,200772.2,84696.5
Malta,2018,69.3,648798.3,249996.9,61387.5
Malta,2017,64.2,605802.9,227829.4,66527.3
Malta,2016,59.7,600106.4,216031.3,69245.3
Malta,2015,51.8,596104.6,214093.1,66418.7
Malta,2014,56.5,609914.0,200772.2,84696.5
Mauritania,2018,159.0,648798.3,249996.9,61387.5
Mauritania,2017,143.8,605802.9,227829.4,66527.3
Mauritania,2016,136.1,600106.4,216031.3,69245.3
Mauritania,2015,132.9,596104.6,214093.1,66418.7
Mauritania,2014,144.8,609914.0,200772.2,84696.5
Mauritius,2018,23.2,648798.3,249996.9,61387.5
Mauritius,2017,23.8,605802.9,227829.4,66527.3
Mauritius,2016,23.0,600106.4,216031.3,69245.3
Mauritius,2015,21.1,596104.6,214093.1,66418.7
Mauritius,2014,19.7,609914.0,200772.2,84696.5
Mexico,2018,6567.5,648798.3,249996.9,61387.5
Mexico,2017,5781.4,605802.9,227829.4,66527.3
Mexico,2016,6019.8,600106.4,216031.3,69245.3
Mexico,2015,7739.5,596104.6,214093.1,66418.7
Mexico,2014,8663.4,609914.0,200772.2,84696.5
Moldova,2018,34.0,648798.3,249996.9,61387.5
Moldova,2017,30.6,605802.9,227829.4,66527.3
Moldova,2016,29.7,600106.4,216031.3,69245.3
Moldova,2015,23.1,596104.6,214093.1,66418.7
Moldova,2014,27.6,609914.0,200772.2,84696.5
Mongolia,2018,96.1,648798.3,249996.9,61387.5
Mongolia,2017,82.8,605802.9,227829.4,66527.3
Mongolia,2016,96.4,600106.4,216031.3,69245.3
Mongolia,2015,101.7,596104.6,214093.1,66418.7
Mongolia,2014,105.1,609914.0,200772.2,84696.5
Montenegro,2018,83.8,648798.3,249996.9,61387.5
Montenegro,2017,65.7,605802.9,227829.4,66527.3
Montenegro,2016,61.7,600106.4,216031.3,69245.3
Montenegro,2015,56.9,596104.6,214093.1,66418.7
Montenegro,2014,67.5,609914.0,200772.2,84696.5
Morocco,2018,3696.9,648798.3,249996.9,61387.5
Morocco,2017,3461.5,605802.9,227829.4,66527.3
Morocco,2016,3327.0,600106.4,216031.3,69245.3
Morocco,2015,3268.4,596104.6,214093.1,66418.7
Morocco,2014,4048.6,609914.0,200772.2,84696.5
Mozambique,2018,145.2,648798.3,249996.9,61387.5
Mozambique,2017,128.3,605802.9,227829.4,66527.3
Mozambique,2016,112.2,600106.4,216031.3,69245.3
Mozambique,2015,119.7,596104.6,214093.1,66418.7
Mozambique,2014,173.8,609914.0,200772.2,84696.5
Myanmar,2018,2030.5,648798.3,249996.9,61387.5
Myanmar,2017,2222.0,605802.9,227829.4,66527.3
Myanmar,2016,2455.8,600106.4,216031.3,69245.3
Myanmar,2015,2552.4,596104.6,214093.1,66418.7
Myanmar,2014,2372.9,609914.0,200772.2,84696.5
Namibia,2018,451.5,648798.3,249996.9,61387.5
Namibia,2017,457.9,605802.9,227829.4,66527.3
Namibia,2016,425.4,600106.4,216031.3,69245.3
Namibia,2015,518.2,596104.6,214093.1,66418.7
Namibia,2014,537.5,609914.0,200772.2,84696.5
Nepal,2018,398.5,648798.3,249996.9,61387.5
Nepal,2017,404.7,605802.9,227829.4,66527.3
Nepal,2016,356.5,600106.4,216031.3,69245.3
Nepal,2015,323.8,596104.6,214093.1,66418.7
Nepal,2014,328.1,609914.0,200772.2,84696.5
Netherlands,2018,11242.8,648798.3,249996.9,61387.5
Netherlands,2017,9580.7,605802.9,227829.4,66527.3
Netherlands,2016,9115.2,600106.4,216031.3,69245.3
Netherlands,2015,8667.8,596104.6,214093.1,66418.7
Netherlands,2014,10332.6,609914.0,200772.2,84696.5
New Zealand,2018,2262.9,648798.3,249996.9,61387.5
New Zealand,2017,2328.2,605802.9,227829.4,66527.3
New Zealand,2016,2093.4,600106.4,216031.3,69245.3
New Zealand,2015,1943.8,596104.6,214093.1,66418.7
New Zealand,2014,2274.1,609914.0,200772.2,84696.5
Nicaragua,2018,81.6,648798.3,249996.9,61387.5
Nicaragua,2017,86.7,605802.9,227829.4,66527.3
Nicaragua,2016,85.1,600106.4,216031.3,69245.3
Nicaragua,2015,98.9,596104.6,214093.1,66418.7
Nicaragua,2014,81.4,609914.0,200772.2,84696.5
Niger,2018,229.6,648798.3,249996.9,61387.5
Niger,2017,200.2,605802.9,227829.4,66527.3
Niger,2016,166.2,600106.4,216031.3,69245.3
Niger,2014,145.6,609914.0,200772.2,84696.5
Niger,2013,106.1,639704.0,179880.5,88352.9
Nigeria,2018,2043.1,648798.3,249996.9,61387.5
Nigeria,2017,1621.2,605802.9,227829.4,66527.3
Nigeria,2016,1723.2,600106.4,216031.3,69245.3
Nigeria,2015,2065.6,596104.6,214093.1,66418.7
Nigeria,2014,2357.7,609914.0,200772.2,84696.5
North Macedonia,2018,117.4,648798.3,249996.9,61387.5
North Macedonia,2017,111.8,605802.9,227829.4,66527.3
North Macedonia,2016,101.5,600106.4,216031.3,69245.3
North Macedonia,2015,100.0,596104.6,214093.1,66418.7
North Macedonia,2014,124.2,609914.0,200772.2,84696.5
Norway,2018,7067.1,648798.3,249996.9,61387.5
Norway,2017,6465.8,605802.9,227829.4,66527.3
Norway,2016,5997.4,600106.4,216031.3,69245.3
Norway,2015,5815.2,596104.6,214093.1,66418.7
Norway,2014,7334.1,609914.0,200772.2,84696.5
Oman,2018,6710.0,648798.3,249996.9,61387.5
Oman,2017,6802.7,605802.9,227829.4,66527.3
Oman,2016,7936.0,600106.4,216031.3,69245.3
Oman,2015,7533.6,596104.6,214093.1,66418.7
Oman,2014,8213.5,609914.0,200772.2,84696.5
Pakistan,2018,11375.5,648798.3,249996.9,61387.5
Pakistan,2017,11461.3,605802.9,227829.4,66527.3
Pakistan,2016,9973.8,600106.4,216031.3,69245.3
Pakistan,2015,9483.5,596104.6,214093.1,66418.7
Pakistan,2014,8654.9,609914.0,200772.2,84696.5
Panama,2018,0.0,648798.3,249996.9,61387.5
Panama,2017,0.0,605802.9,227829.4,66527.3
Panama,2016,0.0,600106.4,216031.3,69245.3
Panama,2015,0.0,596104.6,214093.1,66418.7
Panama,2014,0.0,609914.0,200772.2,84696.5
Papua New Guinea,2018,60.6,648798.3,249996.9,61387.5
Papua New Guinea,2017,71.9,605802.9,227829.4,66527.3
Papua New Guinea,2016,79.1,600106.4,216031.3,69245.3
Papua New Guinea,2015,99.8,596104.6,214093.1,66418.7
Papua New Guinea,2014,112.4,609914.0,200772.2,84696.5
Paraguay,2018,386.6,648798.3,249996.9,61387.5
Paraguay,2017,348.2,605802.9,227829.4,66527.3
Paraguay,2016,343.2,600106.4,216031.3,69245.3
Paraguay,2015,386.5,596104.6,214093.1,66418.7
Paraguay,2014,398.4,609914.0,200772.2,84696.5
Peru,2018,2708.9,648798.3,249996.9,61387.5
Peru,2017,2665.8,605802.9,227829.4,66527.3
Peru,2016,2536.1,600106.4,216031.3,69245.3
Peru,2015,3312.2,596104.6,214093.1,66418.7
Peru,2014,3217.6,609914.0,200772.2,84696.5
Philippines,2018,3769.7,648798.3,249996.9,61387.5
Philippines,2017,3755.4,605802.9,227829.4,66527.3
Philippines,2016,4358.0,600106.4,216031.3,69245.3
Philippines,2015,3335.6,596104.6,214093.1,66418.7
Philippines,2014,3103.1,609914.0,200772.2,84696.5
Poland,2018,11596.2,648798.3,249996.9,61387.5
Poland,2017,9870.7,605802.9,227829.4,66527.3
Poland,2016,9164.2,600106.4,216031.3,69245.3
Poland,2015,10212.8,596104.6,214093.1,66418.7
Poland,2014,10345.2,609914.0,200772.2,84696.5
Portugal,2018,4247.8,648798.3,249996.9,61387.5
Portugal,2017,3646.5,605802.9,227829.4,66527.3
Portugal,2016,3569.1,600106.4,216031.3,69245.3
Portugal,2015,3565.4,596104.6,214093.1,66418.7
Portugal,2014,4111.5,609914.0,200772.2,84696.5
Qatar,2010,1876.8,698180.0,115711.8,58720.2
Qatar,2009,1948.4,668567.0,105644.2,51532.1
Qatar,2008,2317.5,621131.0,86362.1,56183.8
Qatar,2007,1562.2,556961.0,68011.6,43535.0
Qatar,2006,1065.7,527660.0,55337.5,34517.8
Romania,2018,4608.7,648798.3,249996.9,61387.5
Romania,2017,3622.1,605802.9,227829.4,66527.3
Romania,2016,2644.2,600106.4,216031.3,69245.3
Romania,2015,2580.6,596104.6,214093.1,66418.7
Romania,2014,2691.5,609914.0,200772.2,84696.5
Russia,2018,61387.5,648798.3,249996.9,61387.5
Russia,2017,66527.3,605802.9,227829.4,66527.3
Russia,2016,69245.3,600106.4,216031.3,69245.3
Russia,2015,66418.7,596104.6,214093.1,66418.7
Russia,2014,84696.5,609914.0,200772.2,84696.5
Rwanda,2018,119.0,648798.3,249996.9,61387.5
Rwanda,2017,115.7,605802.9,227829.4,66527.3
Rwanda,2016,107.3,600106.4,216031.3,69245.3
Rwanda,2015,103.6,596104.6,214093.1,66418.7
Rwanda,2014,90.9,609914.0,200772.2,84696.5
Saudi Arabia,2018,67554.7,648798.3,249996.9,61387.5
Saudi Arabia,2017,70400.0,605802.9,227829.4,66527.3
Saudi Arabia,2016,63672.8,600106.4,216031.3,69245.3
Saudi Arabia,2015,87185.9,596104.6,214093.1,66418.7
Saudi Arabia,2014,80762.4,609914.0,200772.2,84696.5
Senegal,2018,346.8,648798.3,249996.9,61387.5
Senegal,2017,305.4,605802.9,227829.4,66527.3
Senegal,2016,304.8,600106.4,216031.3,69245.3
Senegal,2015,214.8,596104.6,214093.1,66418.7
Senegal,2014,239.9,609914.0,200772.2,84696.5
Serbia,2018,904.3,648798.3,249996.9,61387.5
Serbia,2017,801.7,605802.9,227829.4,66527.3
Serbia,2016,710.4,600106.4,216031.3,69245.3
Serbia,2015,724.2,596104.6,214093.1,66418.7
Serbia,2014,913.4,609914.0,200772.2,84696.5
Seychelles,2018,22.8,648798.3,249996.9,61387.5
Seychelles,2017,22.3,605802.9,227829.4,66527.3
Seychelles,2016,26.7,600106.4,216031.3,69245.3
Seychelles,2015,20.6,596104.6,214093.1,66418.7
Seychelles,2014,32.6,609914.0,200772.2,84696.5
Sierra Leone,2018,29.6,648798.3,249996.9,61387.5
Sierra Leone,2017,39.6,605802.9,227829.4,66527.3
Sierra Leone,2016,37.4,600106.4,216031.3,69245.3
Sierra Leone,2015,39.2,596104.6,214093.1,66418.7
Sierra Leone,2014,48.8,609914.0,200772.2,84696.5
Singapore,2018,10841.0,648798.3,249996.9,61387.5
Singapore,2017,10195.7,605802.9,227829.4,66527.3
Singapore,2016,9873.3,600106.4,216031.3,69245.3
Singapore,2015,9383.8,596104.6,214093.1,66418.7
Singapore,2014,9596.6,609914.0,200772.2,84696.5
Slovakia,2018,1280.6,648798.3,249996.9,61387.5
Slovakia,2017,1049.1,605802.9,227829.4,66527.3
Slovakia,2016,1003.0,600106.4,216031.3,69245.3
Slovakia,2015,985.9,596104.6,214093.1,66418.7
Slovakia,2014,997.7,609914.0,200772.2,84696.5
Slovenia,2018,529.5,648798.3,249996.9,61387.5
Slovenia,2017,473.8,605802.9,227829.4,66527.3
Slovenia,2016,449.2,600106.4,216031.3,69245.3
Slovenia,2015,400.8,596104.6,214093.1,66418.7
Slovenia,2014,486.2,609914.0,200772.2,84696.5
Somalia,2018,61.6,648798.3,249996.9,61387.5
Somalia,2017,60.4,605802.9,227829.4,66527.3
Somalia,2016,47.7,600106.4,216031.3,69245.3
Somalia,2015,46.6,596104.6,214093.1,66418.7
Somalia,2014,60.3,609914.0,200772.2,84696.5
South Africa,2018,3639.9,648798.3,249996.9,61387.5
South Africa,2017,3638.9,605802.9,227829.4,66527.3
South Africa,2016,3169.8,600106.4,216031.3,69245.3
South Africa,2015,3488.9,596104.6,214093.1,66418.7
South Africa,2014,3892.5,609914.0,200772.2,84696.5
South Sudan,2018,59.4,648798.3,249996.9,61387.5
South Sudan,2017,72.4,605802.9,227829.4,66527.3
South Sudan,2016,135.3,600106.4,216031.3,69245.3
South Sudan,2015,1151.9,596104.6,214093.1,66418.7
South Sudan,2014,1301.5,609914.0,200772.2,84696.5
Spain,2018,18248.3,648798.3,249996.9,61387.5
Spain,2017,16043.5,605802.9,227829.4,66527.3
Spain,2016,14014.4,600106.4,216031.3,69245.3
Spain,2015,15188.9,596104.6,214093.1,66418.7
Spain,2014,17178.5,609914.0,200772.2,84696.5
Sri Lanka,2018,1681.4,648798.3,249996.9,61387.5
Sri Lanka,2017,1866.5,605802.9,227829.4,66527.3
Sri Lanka,2016,1741.5,600106.4,216031.3,69245.3
Sri Lanka,2015,2057.9,596104.6,214093.1,66418.7
Sri Lanka,2014,1914.6,609914.0,200772.2,84696.5
Sudan,2018,1047.9,648798.3,249996.9,61387.5
Sudan,2017,4383.0,605802.9,227829.4,66527.3
Sudan,2016,2748.5,600106.4,216031.3,69245.3
Sudan,2015,2279.6,596104.6,214093.1,66418.7
Sudan,2009,3180.5,668567.0,105644.2,51532.1
Sweden,2018,5755.4,648798.3,249996.9,61387.5
Sweden,2017,5526.6,605802.9,227829.4,66527.3
Sweden,2016,5427.5,600106.4,216031.3,69245.3
Sweden,2015,5387.1,596104.6,214093.1,66418.7
Sweden,2014,6555.5,609914.0,200772.2,84696.5
Switzerland,2018,4795.8,648798.3,249996.9,61387.5
Switzerland,2017,4628.4,605802.9,227829.4,66527.3
Switzerland,2016,4571.3,600106.4,216031.3,69245.3
Switzerland,2015,4521.1,596104.6,214093.1,66418.7
Switzerland,2014,4612.8,609914.0,200772.2,84696.5
Syria,2011,2494.9,711338.0,137967.3,70237.5
Syria,2010,2346.0,698180.0,115711.8,58720.2
Syria,2009,2182.0,668567.0,105644.2,51532.1
Syria,2008,1732.4,621131.0,86362.1,56183.8
Syria,2007,1599.0,556961.0,68011.6,43535.0
Taiwan,2018,10713.7,648798.3,249996.9,61387.5
Taiwan,2017,10480.0,605802.9,227829.4,66527.3
Taiwan,2016,9663.7,600106.4,216031.3,69245.3
Taiwan,2015,9803.3,596104.6,214093.1,66418.7
Taiwan,2014,9802.4,609914.0,200772.2,84696.5
Tajikistan,2015,95.8,596104.6,214093.1,66418.7
Tajikistan,2014,104.3,609914.0,200772.2,84696.5
Tajikistan,2012,76.3,684780.0,157390.4,81469.4
Tajikistan,2011,71.3,711338.0,137967.3,70237.5
Tajikistan,2010,53.8,698180.0,115711.8,58720.2
Tanzania,2018,675.5,648798.3,249996.9,61387.5
Tanzania,2017,611.2,605802.9,227829.4,66527.3
Tanzania,2016,544.2,600106.4,216031.3,69245.3
Tanzania,2015,517.1,596104.6,214093.1,66418.7
Tanzania,2014,507.3,609914.0,200772.2,84696.5
Thailand,2018,6829.2,648798.3,249996.9,61387.5
Thailand,2017,6305.9,605802.9,227829.4,66527.3
Thailand,2016,5876.3,600106.4,216031.3,69245.3
Thailand,2015,5724.8,596104.6,214093.1,66418.7
Thailand,2014,5729.8,609914.0,200772.2,84696.5
Timor-Leste,2018,20.6,648798.3,249996.9,61387.5
Timor-Leste,2017,25.4,605802.9,227829.4,66527.3
Timor-Leste,2016,26.2,600106.4,216031.3,69245.3
Timor-Leste,2015,37.0,596104.6,214093.1,66418.7
Timor-Leste,2014,29.6,609914.0,200772.2,84696.5
Togo,2018,104.4,648798.3,249996.9,61387.5
Togo,2017,88.4,605802.9,227829.4,66527.3
Togo,2016,82.0,600106.4,216031.3,69245.3
Togo,2015,70.0,596104.6,214093.1,66418.7
Togo,2014,83.1,609914.0,200772.2,84696.5
Trinidad & Tobago,2018,169.3,648798.3,249996.9,61387.5
Trinidad & Tobago,2017,202.8,605802.9,227829.4,66527.3
Trinidad & Tobago,2016,216.3,600106.4,216031.3,69245.3
Trinidad & Tobago,2015,202.1,596104.6,214093.1,66418.7
Trinidad & Tobago,2014,188.9,609914.0,200772.2,84696.5
Tunisia,2018,844.2,648798.3,249996.9,61387.5
Tunisia,2017,858.9,605802.9,227829.4,66527.3
Tunisia,2016,987.7,600106.4,216031.3,69245.3
Tunisia,2015,979.5,596104.6,214093.1,66418.7
Tunisia,2014,908.4,609914.0,200772.2,84696.5
Turkey,2018,18967.1,648798.3,249996.9,61387.5
Turkey,2017,17824.0,605802.9,227829.4,66527.3
Turkey,2016,17854.0,600106.4,216031.3,69245.3
Turkey,2015,15880.9,596104.6,214093.1,66418.7
Turkey,2014,17772.2,609914.0,200772.2,84696.5
Turkmenistan,1999,111.9,280969.0,21027.3,6469.0
Turkmenistan,1998,87.5,274278.0,17528.0,7955.7
Turkmenistan,1997,106.2,276325.0,16104.9,17577.4
Turkmenistan,1996,48.5,271417.0,14563.2,15826.3
Turkmenistan,1995,135.6,278856.0,12606.2,12741.6
UAE,2014,22755.1,609914.0,200772.2,84696.5
UAE,2013,23561.1,639704.0,179880.5,88352.9
UAE,2012,19024.1,684780.0,157390.4,81469.4
UAE,2011,19181.8,711338.0,137967.3,70237.5
UAE,2010,17504.7,698180.0,115711.8,58720.2
Uganda,2018,408.4,648798.3,249996.9,61387.5
Uganda,2017,346.8,605802.9,227829.4,66527.3
Uganda,2016,318.6,600106.4,216031.3,69245.3
Uganda,2015,306.1,596104.6,214093.1,66418.7
Uganda,2014,325.7,609914.0,200772.2,84696.5
UK,2018,49997.2,648798.3,249996.9,61387.5
UK,2017,46433.3,605802.9,227829.4,66527.3
UK,2016,48118.9,600106.4,216031.3,69245.3
UK,2015,53862.2,596104.6,214093.1,66418.7
UK,2014,59182.9,609914.0,200772.2,84696.5
Ukraine,2018,4750.2,648798.3,249996.9,61387.5
Ukraine,2017,3647.6,605802.9,227829.4,66527.3
Ukraine,2016,3423.3,600106.4,216031.3,69245.3
Ukraine,2015,3616.9,596104.6,214093.1,66418.7
Ukraine,2014,4033.3,609914.0,200772.2,84696.5
Uruguay,2018,1168.1,648798.3,249996.9,61387.5
Uruguay,2017,1165.7,605802.9,227829.4,66527.3
Uruguay,2016,988.2,600106.4,216031.3,69245.3
Uruguay,2015,969.9,596104.6,214093.1,66418.7
Uruguay,2014,1034.5,609914.0,200772.2,84696.5
USA,2018,648798.3,648798.3,249996.9,61387.5
USA,2017,605802.9,605802.9,227829.4,66527.3
USA,2016,600106.4,600106.4,216031.3,69245.3
USA,2015,596104.6,596104.6,214093.1,66418.7
USA,2014,609914.0,609914.0,200772.2,84696.5
Uzbekistan,2003,54.1,415223.0,35126.3,16973.7
Uzbekistan,2002,45.9,356720.0,32137.7,13943.8
Uzbekistan,2001,59.8,312743.0,27875.4,11683.2
Uzbekistan,2000,115.4,301697.0,22929.8,9228.2
Uzbekistan,1999,250.1,280969.0,21027.3,6469.0
Venezuela,2017,464.8,605802.9,227829.4,66527.3
Venezuela,2016,218.2,600106.4,216031.3,69245.3
Venezuela,2015,320.5,596104.6,214093.1,66418.7
Venezuela,2014,1554.7,609914.0,200772.2,84696.5
Venezuela,2013,6199.7,639704.0,179880.5,88352.9
Viet Nam,2018,5500.0,648798.3,249996.9,61387.5
Viet Nam,2017,5073.9,605802.9,227829.4,66527.3
Viet Nam,2016,5017.4,600106.4,216031.3,69245.3
Viet Nam,2015,4562.6,596104.6,214093.1,66418.7
Viet Nam,2014,4255.7,609914.0,200772.2,84696.5
Yemen,2014,1714.8,609914.0,200772.2,84696.5
Yemen,2013,1648.8,639704.0,179880.5,88352.9
Yemen,2012,1618.8,684780.0,157390.4,81469.4
Yemen,2011,1612.3,711338.0,137967.3,70237.5
Yemen,2010,1448.2,698180.0,115711.8,58720.2
Zambia,2018,378.0,648798.3,249996.9,61387.5
Zambia,2017,339.7,605802.9,227829.4,66527.3
Zambia,2016,299.5,600106.4,216031.3,69245.3
Zambia,2015,372.4,596104.6,214093.1,66418.7
Zambia,2014,443.6,609914.0,200772.2,84696.5
Zimbabwe,2018,420.4,648798.3,249996.9,61387.5
Zimbabwe,2017,340.5,605802.9,227829.4,66527.3
Zimbabwe,2016,358.1,600106.4,216031.3,69245.3
Zimbabwe,2015,376.7,596104.6,214093.1,66418.7
Zimbabwe,2014,368.1,609914.0,200772.2,84696.5